start,on_layout,use_effect,native_component
1711283563781,1711283564487,1711283564497,1711283564929
1711283570079,1711283570794,1711283570802,1711283571310
1711283575834,1711283576531,1711283576538,1711283576909
1711283582536,1711283583312,1711283583319,1711283583672
1711283588289,1711283589026,1711283589034,1711283589381
1711283593896,1711283594670,1711283594679,1711283595088
1711283599335,1711283600133,1711283600143,1711283600566
1711283604635,1711283605431,1711283605439,1711283605866
1711283609784,1711283610515,1711283610523,1711283610905
1711283616263,1711283616963,1711283616971,1711283617373
1711283622452,1711283623215,1711283623216,1711283623623
1711283860154,1711283860875,1711283860884,1711283861422
1711283867846,1711283868553,1711283868561,1711283868949
1711283877020,1711283877768,1711283877777,1711283878160
1711283883261,1711283884105,1711283884115,1711283884401
1711283895872,1711283896539,1711283896548,1711283896966
1711283901842,1711283902453,1711283902462,1711283902799
1711283907175,1711283907762,1711283907769,1711283908197
1711283912153,1711283912775,1711283912785,1711283913136
1711283917039,1711283917616,1711283917623,1711283917979
1711283922598,1711283923206,1711283923214,1711283923578
